{
  "status": "ok",
  "totalResults": 68,
  "articles": [
    {
      "source": {
        "id": null,
        "name": "TheStreet"
      },
      "author": "Kirk O’Neil",
      "title": "Toyota Has More Bad News for Vehicle Owners - TheStreet",
      "description": "The nation's top seller of automobiles has bad news for some owners of its vehicles, including its new bZ4x electric vehicle.",
      "url": "https://www.thestreet.com/investing/toyota-has-more-bad-news-for-vehicle-owners",
      "urlToImage": "https://www.thestreet.com/.image/t_share/MTg5MDY0NjgwMjE4NTY4NDcy/bz4x-2023-toyota-.jpg",
      "publishedAt": "2022-06-26T00:55:14Z",
      "content": "Toyota Motor Corp.  (TM) - Get Toyota Motor Corporation Report which launched its first U.S. electric vehicle bZ4x in April, has had a run of bad luck over the past year.\r\nDespite rolling out its new… [+3400 chars]"
    },
    {
      "source": {
        "id": null,
        "name": "Jalopnik"
      },
      "author": "Ryan Erik King",
      "title": "The Bidding War for Spirit Airlines Nears Conclusion - Jalopnik",
      "description": "Frontier Airlines might have finally convinced Spirit's shareholders to approve its latest offer",
      "url": "https://jalopnik.com/the-bidding-war-for-spirit-airlines-nears-conclusion-1849110146",
      "urlToImage": "https://i.kinja-img.com/gawker-media/image/upload/c_fill,f_auto,fl_progressive,g_center,h_675,pg_1,q_80,w_1200/44d5ba2c10c32f2b294435d8015d69df.jpg",
      "publishedAt": "2022-06-25T23:00:00Z",
      "content": "In February, Frontier Airlines announced a planned $2.9 billion acquisition of Spirit Airlines. JetBlue Airways revealed its rival $3.6 billion all-cash bid in early April, sparking a bidding war for… [+1891 chars]"
    },
    {
      "source": {
        "id": null,
        "name": "FOX40"
      },
      "author": "Julian Tack",
      "title": "Landmark West Sacramento restaurant closing after 87 years of business - KTXL FOX 40 Sacramento",
      "description": "WEST SACRAMENTO, Calif (KTXL) — After 87 years, the Club Pheasant Restaurant is closing its doors at the end of 2022. According to the Palamidessi family, it was a tough decision that was months in the making. “Please know that every choice we’ve had to make …",
      "url": "https://fox40.com/news/local-news/landmark-west-sacramento-restaurant-closing-after-87-years-of-business/",
      "urlToImage": "https://fox40.com/wp-content/uploads/sites/13/2022/06/Club-Pheasant-courtesy-of-httpstheclubpheasant.com_.jpg?w=1280",
      "publishedAt": "2022-06-25T22:34:56Z",
      "content": "WEST SACRAMENTO, Calif (KTXL) After 87 years, the Club Pheasant Restaurant is closing its doors at the end of 2022.\r\nAccording to the Palamidessi family, it was a tough decision that was months in th… [+707 chars]"
    },
    {
      "source": {
        "id": null,
        "name": "CoinDesk"
      },
      "author": "Tracy Wang",
      "title": "Morgan Creek Is Trying to Counter FTX’s BlockFi Bailout, Leaked Call Shows - CoinDesk",
      "description": "FTX’s $250 million credit facility offer – if inked as initially proposed – stood to effectively wipe out all BlockFi shareholders, including Morgan Creek Digital, the firm told its investors.",
      "url": "https://www.coindesk.com/business/2022/06/25/morgan-creek-is-trying-to-counter-ftxs-blockfi-bailout-leaked-call-shows/",
      "urlToImage": "https://www.coindesk.com/resizer/oZoQHQsLPaGXUvK9NB3375w4Exg=/1200x628/center/middle/cloudfront-us-east-1.images.arcpublishing.com/coindesk/NXAR5S4FVBBTHM5FF5YZFETENE.jpg",
      "publishedAt": "2022-06-25T21:16:00Z",
      "content": "Cryptocurrency investment firm Morgan Creek Digital is attempting to raise $250 million from investors to purchase a majority stake in crypto lender BlockFi, a leaked investor call from Tuesday revea… [+4761 chars]"
    },
    {
      "source": {
        "id": null,
        "name": "The Daily Hodl"
      },
      "author": "Daily Hodl Staff",
      "title": "Binance Eyeing Up to 100 Deals in the Crypto Space Amid the Bear Market, According to CEO Changpeng Zhao - The Daily Hodl",
      "description": "Binance CEO Changpeng Zhao says the biggest crypto exchange by volume is currently hunting for deals in the crypto market.",
      "url": "https://dailyhodl.com/2022/06/25/binance-eyeing-up-to-100-deals-in-the-crypto-space-amid-the-bear-market-according-to-ceo-changpeng-zhao/",
      "urlToImage": "https://dailyhodl.com/wp-content/uploads/2022/06/binance-eyeing-up.jpg",
      "publishedAt": "2022-06-25T20:00:43Z",
      "content": "Binance CEO Changpeng Zhao says the biggest crypto exchange by volume is currently hunting for deals in the crypto market.\r\nZhao tells Yahoo! Finance that Binance is looking at 50-100 crypto deals ri… [+1194 chars]"
    },
    {
      "source": {
        "id": "usa-today",
        "name": "USA Today"
      },
      "author": "Mike Snider, USA TODAY",
      "title": "About 400000 outdoor umbrellas sold at Costco recalled for overheating, fire risk - USA TODAY",
      "description": "An outdoor umbrella sold at Costco with a built-in solar panel has been recalled because its lithium-ion batteries can overheat, posing a fire risk.",
      "url": "https://www.usatoday.com/story/money/shopping/2022/06/25/recall-costco-outdoor-umbrellas-fire-risk/7735561001/",
      "urlToImage": "https://www.gannett-cdn.com/presto/2022/06/25/USAT/a35776ec-3d7a-4b65-9334-176a955a4a28-sunvillaumbrella2.png?auto=webp&crop=907,511,x0,y0&format=pjpg&width=1200",
      "publishedAt": "2022-06-25T20:00:06Z",
      "content": "The maker of an umbrella with a built-in solar panel and LED lights sold at Costco has recalled about 400,000 of the products because the lithium-ion batteries can overheat and catch fire.\r\nSunVilla … [+1635 chars]"
    },
    {
      "source": {
        "id": "google-news",
        "name": "Google News"
      },
      "author": null,
      "title": "Google tells employees they can 'relocate without justification' after Supreme Court ruling - Android Police",
      "description": null,
      "url": "https://news.google.com/__i/rss/rd/articles/CBMiP2h0dHBzOi8vd3d3LmFuZHJvaWRwb2xpY2UuY29tL2dvb2dsZS1oci1sZXR0ZXItYWJvcnRpb24tc2NvdHVzL9IBAA?oc=5",
      "urlToImage": null,
      "publishedAt": "2022-06-25T19:09:00Z",
      "content": null
    },
    {
      "source": {
        "id": null,
        "name": "Cointelegraph"
      },
      "author": "William Suberg",
      "title": "Bitcoin may still see 'wild' weekend as BTC price avoids key $22K zone - Cointelegraph",
      "description": "BTC price action targets $21,000 as Bitcoin gives way to altcoin gains this week.",
      "url": "https://cointelegraph.com/news/bitcoin-may-still-see-wild-weekend-as-btc-price-avoids-key-22k-zone",
      "urlToImage": "https://images.cointelegraph.com/images/1200_aHR0cHM6Ly9zMy5jb2ludGVsZWdyYXBoLmNvbS91cGxvYWRzLzIwMjItMDYvYjg4NDRiZTktN2JlNS00MDZlLWJjMzItNWM2OGRjMjEyN2M3LmpwZw==.jpg",
      "publishedAt": "2022-06-25T18:43:06Z",
      "content": "Bitcoin (BTC) focused on $21,000 into the weekend amid warnings that volatility could still consume the market before Monday.\r\nBTC/USD 1-hour candle chart (Bitstamp). Source: TradingView\r\nS&amp;P 500… [+3708 chars]"
    },
    {
      "source": {
        "id": null,
        "name": "The Boston Globe"
      },
      "author": null,
      "title": "Downtown service on Green, Orange lines expected to reopen Monday, MBTA says - The Boston Globe",
      "description": "The MBTA will resume regular operation on the Green and Orange lines Monday “if deemed safe by internal and third party engineers and safety experts,” the agency said in a statement.",
      "url": "https://www.bostonglobe.com/2022/06/25/metro/sumner-tunnel-is-open-this-weekend/",
      "urlToImage": "https://www.bostonglobe.com/pf/resources/images/logo-bg.jpg?d=347",
      "publishedAt": "2022-06-25T18:35:00Z",
      "content": "The Massachusetts Bay Transportation Authority is aiming to reopen train service on the Green and Orange lines in downtown Boston Monday morning, officials said Saturday, after service in the area wa… [+3154 chars]"
    },
    {
      "source": {
        "id": "cnn",
        "name": "CNN"
      },
      "author": "Carolyn Sung, CNN",
      "title": "Pfizer and BioNTech say updated Covid-19 boosters show increased immune response against Omicron variant - CNN",
      "description": "Two Pfizer and BioNTech Covid-19 vaccine boosters updated to target the Omicron variant show a substantially higher immune response than the current Covid-19 vaccine, the companies said Saturday.",
      "url": "https://www.cnn.com/2022/06/25/health/pfizer-booster-results/index.html",
      "urlToImage": "https://cdn.cnn.com/cnnnext/dam/assets/210203103027-01-pfizer-vaccine-vials-file-super-tease.jpg",
      "publishedAt": "2022-06-25T16:19:00Z",
      "content": "(CNN)Two Pfizer and BioNTech Covid-19 vaccine boosters updated to target the Omicron variant show a substantially higher immune response than the current Covid-19 vaccine, the companies said Saturday… [+1962 chars]"
    },
    {
      "source": {
        "id": "bloomberg",
        "name": "Bloomberg"
      },
      "author": null,
      "title": "Fear Has Gone Missing in Wall Street's Slow-Motion Bear Market - Bloomberg",
      "description": null,
      "url": "https://www.bloomberg.com/tosv2.html?vid=&uuid=9fa1c1ea-f4ea-11ec-8146-61585751716a&url=L25ld3MvYXJ0aWNsZXMvMjAyMi0wNi0yNS9mZWFyLWhhcy1nb25lLW1pc3NpbmctaW4td2FsbC1zdHJlZXQtcy1zbG93LW1vdGlvbi1iZWFyLW1hcmtldA==",
      "urlToImage": null,
      "publishedAt": "2022-06-25T16:12:32Z",
      "content": "To continue, please click the box below to let us know you're not a robot."
    },
    {
      "source": {
        "id": null,
        "name": "Daily Mail"
      },
      "author": "Natasha Anderson, Emily Goodin  Senior U.S.",
      "title": "Gas prices will drop by up to 20c a gallon by July 4, GasBuddy says - but it will only be temporary - Daily Mail",
      "description": "Gas prices are forecast to drop by up to 20 cents per gallon ahead of the July 4 holiday. GasBuddy experts also warn a 'super spike' in fuel prices is likely to occur later in the summer due to 'market volatility.'",
      "url": "https://www.dailymail.co.uk/news/article-10952537/Gas-prices-drop-20c-gallon-July-4-GasBuddy-says-temporary.html",
      "urlToImage": "https://i.dailymail.co.uk/1s/2022/06/25/17/59514989-0-image-a-15_1656173271164.jpg",
      "publishedAt": "2022-06-25T16:08:09Z",
      "content": "Gas prices are forecast to drop by up to 20 cents per gallon ahead of the July 4 holiday, but analysts allege relief at the pump is only temporary.\r\nAnalysis by fuel price tracker GasBuddy shows a ga… [+7006 chars]"
    },
    {
      "source": {
        "id": null,
        "name": "Chattanooga Times Free Press"
      },
      "author": null,
      "title": "Housing cools but the shortage persists - Chattanooga Times Free Press",
      "description": "The US Census Bureau reported that new residential housing units were started at an annual rate of 1.549 million in May, a whopping 14.4% decline from April and 3.5% below the rate of starts in May 2021.",
      "url": "https://www.timesfreepress.com/news/business/aroundregion/story/2022/jun/25/housing-cools-shortage-persists/571316/",
      "urlToImage": "https://media.timesfreepress.com/img/photos/2022/05/02/1651524651_02xx22x00-home-4-sale-439_gs_t1070_hd0b947bf9a71df8ff8d05c3c63418d89b77827c5.jpg",
      "publishedAt": "2022-06-25T16:06:50Z",
      "content": "The US Census Bureau reported that new residential housing units were started at an annual rate of 1.549 million in May, a whopping 14.4% decline from April and 3.5% below the rate of starts in May 2… [+5049 chars]"
    },
    {
      "source": {
        "id": "the-verge",
        "name": "The Verge"
      },
      "author": "Emma Roth",
      "title": "Intel delays ceremony for Ohio factory over lack of government funding - The Verge",
      "description": "Intel has postponed its groundbreaking ceremony for its planned $20 billion Ohio chip-making plant due to the government’s slow movement on funding.",
      "url": "https://www.theverge.com/2022/6/25/23182727/intel-groundbreaking-ceremony-delayed-government-funding-chips-act",
      "urlToImage": "https://cdn.vox-cdn.com/thumbor/ev15HjBg5Msv2VhWT-P4i5zhP6k=/0x146:2040x1214/fit-in/1200x630/cdn.vox-cdn.com/uploads/chorus_asset/file/11447641/acastro_180529_1777_intel_0001.0.jpg",
      "publishedAt": "2022-06-25T15:57:55Z",
      "content": "Intel says its plans depend heavily on government subsidies\r\nIllustration by Alex Castro / The Verge\r\nIntel is postponing the groundbreaking ceremony for its planned chip-making facilities in Ohio be… [+2615 chars]"
    },
    {
      "source": {
        "id": null,
        "name": "MarketWatch"
      },
      "author": "Joy Wiltermuth",
      "title": "Recession is challenging inflation as top fear among stock and bond investors - MarketWatch",
      "description": "‘The inflation rhetoric is cooling, while the recession narrative is gaining headlines,’ says Bob Schwartz of Oxford Economics",
      "url": "https://www.marketwatch.com/story/recession-scare-starting-to-challenge-inflation-as-top-fear-among-stock-and-bond-investors-11656162243",
      "urlToImage": "https://images.mktw.net/im-570257/social",
      "publishedAt": "2022-06-25T15:25:00Z",
      "content": "Its easy to want to duck for cover given the carnage seen this year in stocks and bonds, particularly with the Federal Reserve vowing to wage an unconditional battle against high inflation.While infl… [+4502 chars]"
    },
    {
      "source": {
        "id": null,
        "name": "nj.com"
      },
      "author": "Katherine Rodriguez | NJ Advance Media for NJ.com",
      "title": "Costco is violating animal welfare laws to sell $4.99 rotisserie chicken, lawsuit claims - NJ.com",
      "description": "A new lawsuit alleges that Costco, by trying to cut costs for their rotisserie chickens, is violating animal welfare laws",
      "url": "https://www.nj.com/food/2022/06/costco-sued-for-reportedly-violating-animal-welfare-laws-to-sell-499-rotisserie-chicken.html",
      "urlToImage": "https://www.nj.com/resizer/ezFWFFUITrPSGpDyVfzwVUGA50U=/1280x0/smart/cloudfront-us-east-1.images.arcpublishing.com/advancelocal/NUFL6VUXDJBBJKCSHVSD3HZ4HA.jpg",
      "publishedAt": "2022-06-25T15:05:00Z",
      "content": "A new lawsuit alleges that Costco, by trying to cut costs for their rotisserie chickens, is violating animal welfare laws.\r\nCostco sells the popular Kirkland Signature rotisserie chicken for $4.99 ea… [+1070 chars]"
    },
    {
      "source": {
        "id": null,
        "name": "WPVI-TV"
      },
      "author": null,
      "title": "Beer distributor worker strike: Delaware Valley Importing Distributors Association and Teamsters Local 830 reach new contract - WPVI-TV",
      "description": "A strike by union workers at three beer distributors in the Delaware Valley has come to an end, just in time for the July 4th holiday weekend.",
      "url": "https://6abc.com/beer-distributor-worker-strike-delaware-valley-importing-distributors-association-teamsters-local-830-alcohol-sales/11994972/",
      "urlToImage": "https://cdn.abcotvs.com/dip/images/11994993_062522-wpvi-beer-cans-on-shelf-img.png?w=1600",
      "publishedAt": "2022-06-25T15:03:00Z",
      "content": "PHILADELPHIA (WPVI) -- A strike by union workers at three beer distributors in the Delaware Valley has come to an end, just in time for the July 4th holiday weekend.The two sides reached an agreement… [+1280 chars]"
    },
    {
      "source": {
        "id": null,
        "name": "MarketWatch"
      },
      "author": "Joseph Adinolfi",
      "title": "'Meme stock' trading frenzy review shows worrisome Robinhood liquidity issues - MarketWatch",
      "description": "House panel’s findings suggest Robinhood’s decisions during market shakeup matched the broader industry’s moves, company statement argues",
      "url": "https://www.marketwatch.com/story/report-on-meme-stock-trading-frenzy-shows-robinhoods-liquidity-troubles-worse-than-reported-11656167409",
      "urlToImage": "https://images.mktw.net/im-514230/social",
      "publishedAt": "2022-06-25T14:50:00Z",
      "content": "The House Financial Services Committee on Friday issued a long-awaited report on the meme stock phenomena, shining new light on pressures faced by retail brokerages, including Robinhood Markets Inc.,… [+3520 chars]"
    },
    {
      "source": {
        "id": "the-washington-post",
        "name": "The Washington Post"
      },
      "author": "Becky Krystal",
      "title": "7 dinner wrap recipes featuring chicken, beans, vegetables and more - The Washington Post",
      "description": "Wraps are portable, customizable and simple to make, as these recipes with chicken, vegetables and more prove.",
      "url": "https://www.washingtonpost.com/food/2022/06/25/wrap-recipes-chicken-meatless-easy/",
      "urlToImage": "https://www.washingtonpost.com/wp-apps/imrs.php?src=https://arc-anglerfish-washpost-prod-washpost.s3.amazonaws.com/public/UGXCSLXHKAI6ZJBCCG53SHNTBM.jpg&w=1440",
      "publishedAt": "2022-06-25T14:40:00Z",
      "content": "Placeholder while article actions load\r\nTheres something inherently fun and casual about a handheld meal, and wraps are no exception. Take them on the go in your lunchbox, pack them in a pretty baske… [+2259 chars]"
    },
    {
      "source": {
        "id": null,
        "name": "Motley Fool"
      },
      "author": "Rich Duprey",
      "title": "The FDA Could Soon Crown This E-Cig Maker King - The Motley Fool",
      "description": "The soon-to-be-undisputed e-cig leader is on a roll.",
      "url": "https://www.fool.com/investing/2022/06/25/the-fda-could-soon-crown-this-e-cig-maker-king/",
      "urlToImage": "https://g.foolcdn.com/editorial/images/686353/vaping-e-cig-electronic-cigarette-getty.jpg",
      "publishedAt": "2022-06-25T14:37:00Z",
      "content": "The Food and Drug Administration (FDA) is trying to remove one of the biggest, most popular electronic cigarettes from the market, opening the way for its rival to become the unassailable leader in s… [+4348 chars]"
    }
  ]
}
